session_id,lap_id,timestamp_utc,track,session_type,session_mode,lap_number,total_race_laps,position,total_participants,ai_participants,player_participants,lap_time,sector1_time,sector2_time,sector3_time,gap_behind_sec,gap_ahead_sec,lap_time_ms,sector1_ms,sector2_ms,sector3_ms,tyre_compound,tyre_age_laps,tyre_wear,tyres_in_temp_window_score,tyres_in_optimal_temp_window_score,tyres_in_optimal_carcass_temp_window,ai_difficulty,assists_any,damage_any,weather,time_of_day,drs_or_sm_activated_count,drs_or_sm_behind_activations,fuel_load,battery_deployed_total,battery_deployed_overtake,battery_deployed_boost,battery_recharged_total,battery_start,battery_end,max_speed_kph,is_first_lap,is_inlap,is_outlap,is_safety_car,time_in_pits_ms,pit_stop_time_ms,track_limits_violations,corner_cutting_warnings,time_penalties_received_sec,stuck_in_traffic_turn_count,lockups_count,lockups_minor,lockups_medium,lockups_severe,spins_count,spins_minor,spins_medium,spins_severe,damage_fl_wing,damage_fr_wing,damage_rear_wing,damage_body,damage_wheels,damage_terminal,wear_levels,assists_tc,assists_abs,assists_gearbox,assists_racing_line,assists_others,other_assists,assists_simulation_settings,flashback_enabled,flashback_occurred,lap_valid,sectors_invalid,is_complete,car_reg_year,version
AbuDhabi_Race_Mar20_001,AbuDhabi_Race_Mar20_001_L1,2026-03-20T21:00:49.717837+00:00,AbuDhabi,Race,LOCAL,1,15,1,20,19,1,1:30.702,20.291,37.525,32.885,2.267,0.0,90702,20291,37525,32885,Medium,0,2|4|5|5,80,53,94,80,False,False,Clear,Afternoon,0,0,27.215,82.0,50.8,0.0,62.2,100.0,80.2,318,True,False,False,False,0,0,0,0,0,0,0,0,0,0,1,0,0,1,0,0,0,False,False,False,,0,0,0,0,False,,,0,False,True,,True,2025,0.3.1
AbuDhabi_Race_Mar20_001,AbuDhabi_Race_Mar20_001_L2,2026-03-20T21:02:24.631703+00:00,AbuDhabi,Race,LOCAL,2,15,1,20,19,1,1:27.844,18.026,36.680,33.136,3.817,0.0,87844,18026,36680,33136,Medium,1,7|9|9|9,87,65,44,80,False,False,Clear,Afternoon,0,0,25.479,109.5,82.3,0.0,60.8,80.1,31.4,320,False,False,False,False,0,0,0,0,0,0,3,1,0,2,0,0,0,0,0,0,0,False,False,False,,0,0,0,0,False,,,0,False,True,,True,2025,0.3.1
AbuDhabi_Race_Mar20_001,AbuDhabi_Race_Mar20_001_L3,2026-03-20T21:03:52.469574+00:00,AbuDhabi,Race,LOCAL,3,15,1,20,19,1,1:28.384,17.894,37.478,33.011,4.833,0.0,88384,17894,37478,33011,Medium,2,10|13|13|13,85,60,23,80,False,False,Clear,Afternoon,0,0,23.745,74.9,61.1,0.0,64.7,31.3,21.1,313,False,False,False,False,0,0,0,0,0,0,4,4,0,0,0,0,0,0,0,0,0,False,False,False,,0,0,0,0,False,,,0,False,True,,True,2025,0.3.1
AbuDhabi_Race_Mar20_001,AbuDhabi_Race_Mar20_001_L4,2026-03-20T21:05:20.852113+00:00,AbuDhabi,Race,LOCAL,4,15,1,20,19,1,1:29.222,18.050,37.461,33.710,5.833,0.0,89222,18050,37461,33710,Medium,3,13|18|16|17,85,60,25,80,False,False,Clear,Afternoon,0,0,22.002,68.3,48.2,0.0,65.8,21.1,18.6,314,False,False,False,False,0,0,0,0,0,0,4,2,2,0,0,0,0,0,0,0,0,False,False,False,engine:1,0,0,0,0,False,,,0,False,True,,True,2025,0.3.1
AbuDhabi_Race_Mar20_001,AbuDhabi_Race_Mar20_001_L5,2026-03-20T21:06:50.081839+00:00,AbuDhabi,Race,LOCAL,5,15,1,20,19,1,1:29.920,18.468,37.481,33.969,6.85,0.0,89920,18468,37481,33969,Medium,4,16|22|20|21,84,59,25,80,False,False,Clear,Afternoon,0,0,20.255,63.0,52.0,0.0,66.7,18.5,22.2,311,False,False,False,False,0,0,0,0,0,0,4,3,1,0,0,0,0,0,0,0,0,False,False,False,engine:1,0,0,0,0,False,,,0,False,True,,True,2025,0.3.1
AbuDhabi_Race_Mar20_001,AbuDhabi_Race_Mar20_001_L6,2026-03-20T21:08:20.004974+00:00,AbuDhabi,Race,LOCAL,6,15,1,20,19,1,1:30.085,17.986,38.035,34.063,8.084,0.0,90085,17986,38035,34063,Medium,5,18|26|23|25,85,56,25,80,False,False,Clear,Afternoon,0,0,18.506,69.8,64.0,0.0,67.5,22.1,19.8,312,False,False,False,False,0,0,0,0,0,0,1,1,0,0,0,0,0,0,0,0,0,False,False,False,engine:1,0,0,0,0,False,,,0,False,True,,True,2025,0.3.1
AbuDhabi_Race_Mar20_001,AbuDhabi_Race_Mar20_001_L7,2026-03-20T21:09:50.086118+00:00,AbuDhabi,Race,LOCAL,7,15,1,20,19,1,1:32.441,18.248,37.817,36.375,8.333,0.0,92441,18248,37817,36375,Medium,6,22|30|27|28,86,61,25,80,False,False,Clear,Afternoon,0,1,16.826,64.0,56.5,0.0,67.3,19.8,23.1,311,False,True,False,False,717,0,0,0,0,0,4,2,1,1,0,0,0,0,0,0,0,False,False,False,engine:1|gearbox:1,0,0,0,0,False,,,0,False,True,,True,2025,0.3.1
AbuDhabi_Race_Mar20_001,AbuDhabi_Race_Mar20_001_L8,2026-03-20T21:11:22.539080+00:00,AbuDhabi,Race,LOCAL,8,15,5,20,19,1,1:49.077,37.986,37.535,33.555,2.8659999999999997,3.433,109077,37986,37535,33555,Hard,0,1|1|2|1,40,14,17,80,False,False,Clear,Afternoon,0,1,15.153,49.2,17.3,0.0,64.1,23.1,38.0,318,False,False,True,False,19861,2563,0,0,0,0,2,2,0,0,0,0,0,0,0,0,0,False,False,False,engine:2|gearbox:1,0,0,0,0,False,,,0,False,True,,True,2025,0.3.1
AbuDhabi_Race_Mar20_001,AbuDhabi_Race_Mar20_001_L9,2026-03-20T21:13:11.618781+00:00,AbuDhabi,Race,LOCAL,9,15,2,20,19,1,1:28.615,17.831,37.339,33.444,10.649999999999999,5.267,88615,17831,37339,33444,Hard,1,4|4|4|4,62,28,95,80,False,False,Clear,Afternoon,0,0,13.418,88.0,70.6,0.0,65.1,37.9,15.0,313,False,False,False,False,0,0,0,0,0,0,1,1,0,0,0,0,0,0,0,0,0,False,False,False,engine:2|gearbox:1,0,0,0,0,False,,,0,False,True,,True,2025,0.3.1
AbuDhabi_Race_Mar20_001,AbuDhabi_Race_Mar20_001_L10,2026-03-20T21:14:40.233587+00:00,AbuDhabi,Race,LOCAL,10,15,1,20,19,1,1:40.103,17.938,42.839,39.324,11.5,0.0,100103,17938,42839,39324,Hard,2,5|5|6|6,31,14,100,80,False,False,Clear,Afternoon,0,0,11.864,49.8,47.8,0.0,69.9,14.9,35.0,311,False,False,False,True,0,0,0,0,0,0,2,0,0,2,0,0,0,0,0,0,0,False,False,False,engine:2|gearbox:1,0,0,0,0,False,,,0,False,True,,True,2025,0.3.1
AbuDhabi_Race_Mar20_001,AbuDhabi_Race_Mar20_001_L11,2026-03-20T21:16:20.335503+00:00,AbuDhabi,Race,LOCAL,11,15,1,20,19,1,1:58.152,19.340,48.987,49.825,0.5,0.0,118152,19340,48987,49825,Hard,3,6|6|7|7,14,6,36,80,False,False,Clear,Afternoon,0,0,10.626,10.2,0.0,0.0,70.9,35.0,95.8,283,False,False,False,True,0,0,0,0,0,0,1,0,0,1,0,0,0,0,0,0,0,False,False,False,engine:2|gearbox:1,0,0,0,0,False,,,0,False,True,,True,2025,0.3.1
AbuDhabi_Race_Mar20_001,AbuDhabi_Race_Mar20_001_L12,2026-03-20T21:18:18.488675+00:00,AbuDhabi,Race,LOCAL,12,15,1,20,19,1,2:07.841,27.335,49.025,51.480,0.667,0.0,127841,27335,49025,51480,Hard,4,6|7|7|7,0,0,0,80,False,False,Clear,Afternoon,0,0,9.432,8.1,1.3,0.0,11.0,95.8,98.6,293,False,False,False,True,0,0,0,0,0,0,0,0,0,0,0,0,0,0,0,0,0,False,False,False,engine:3|gearbox:1,0,0,0,0,False,,,0,False,True,,True,2025,0.3.1
AbuDhabi_Race_Mar20_001,AbuDhabi_Race_Mar20_001_L13,2026-03-20T21:20:26.334896+00:00,AbuDhabi,Race,LOCAL,13,15,1,20,19,1,1:29.758,18.172,37.574,34.011,1.683,0.0,89758,18172,37574,34011,Hard,5,8|9|10|9,48,16,12,80,False,False,Clear,Afternoon,0,0,7.724,115.3,92.0,0.0,61.0,98.6,44.3,320,False,False,False,False,0,0,0,0,0,0,3,1,1,1,0,0,0,0,0,0,0,False,False,False,engine:3|gearbox:2,0,0,0,0,False,,,0,False,True,,True,2025,0.3.1
AbuDhabi_Race_Mar20_001,AbuDhabi_Race_Mar20_001_L14,2026-03-20T21:21:56.091550+00:00,AbuDhabi,Race,LOCAL,14,15,1,20,19,1,1:28.969,17.924,37.545,33.499,2.4,0.0,88969,17924,37545,33499,Hard,6,11|12|12|12,68,32,91,80,False,False,Clear,Afternoon,0,0,5.994,97.6,84.9,0.0,65.0,44.3,11.7,313,False,False,False,False,0,0,0,0,0,0,3,3,0,0,0,0,0,0,0,0,0,False,False,False,engine:3|gearbox:2,0,0,0,0,False,,,0,False,True,,True,2025,0.3.1
AbuDhabi_Race_Mar20_001,AbuDhabi_Race_Mar20_001_L15,2026-03-20T21:23:25.084186+00:00,AbuDhabi,Race,LOCAL,15,15,1,20,19,1,1:30.499,18.134,38.753,33.611,0.767,0.0,90499,18134,38753,33611,Hard,7,13|14|15|15,71,35,100,80,False,False,Clear,Afternoon,0,1,4.268,64.9,60.9,0.0,64.2,11.6,10.8,313,False,False,False,False,0,0,0,0,0,0,3,2,1,0,1,1,0,0,0,0,0,False,False,False,engine:3|gearbox:2,0,0,0,0,False,,,0,False,True,,True,2025,0.3.1
